{
  "430_n500_phi1_nn_C3": {
    "exists": true,
    "summary": {
      "Oracle": {
        "reps": 30,
        "mean": 5.323155087774999,
        "std": 0.4392371754658562,
        "min": 4.730183423288,
        "max": 5.738167740218,
        "mae": 0.9539274027952666,
        "worst_rep": 9
      },
      "Proximal": {
        "reps": 30,
        "mean": 4.611119305674299,
        "std": 1.583085335610479,
        "min": 0.051332390828,
        "max": 5.73308193953,
        "mae": 3.3216966116091666,
        "worst_rep": 16
      },
      "SRA": {
        "reps": 30,
        "mean": 5.056688214398866,
        "std": 0.40762731411797326,
        "min": 4.730183423288,
        "max": 5.712564917569,
        "mae": 0.7365200733724667,
        "worst_rep": 9
      }
    },
    "prox_gt_sra_rate": 0.5666666666666667,
    "prox_minus_sra_mean": -0.44556890872456667,
    "prox_loses_by_gt_0_5": 7,
    "prox_outlier_low_count_lt4_5": 5,
    "prox_outlier_low_count_lt4_0": 5
  },
  "430_n2000_phi1_nn_C3": {
    "exists": true,
    "summary": {
      "Oracle": {
        "reps": 30,
        "mean": 5.589193348613567,
        "std": 0.29146364803204794,
        "min": 4.750478718435,
        "max": 5.744151441565,
        "mae": 0.3175586023417333,
        "worst_rep": 2
      },
      "Proximal": {
        "reps": 30,
        "mean": 5.1827848659686,
        "std": 1.0564494378284195,
        "min": 0.06414244635,
        "max": 5.73308193953,
        "mae": 4.3975041848864,
        "worst_rep": 19
      },
      "SRA": {
        "reps": 30,
        "mean": 5.091937471352133,
        "std": 0.4214113865626236,
        "min": 4.75434640211,
        "max": 5.732258105473,
        "mae": 0.49680856956790004,
        "worst_rep": 21
      }
    },
    "prox_gt_sra_rate": 0.5333333333333333,
    "prox_minus_sra_mean": 0.09084739461646661,
    "prox_loses_by_gt_0_5": 3,
    "prox_outlier_low_count_lt4_5": 1,
    "prox_outlier_low_count_lt4_0": 1
  },
  "430_n5000_phi1_nn_C3": {
    "exists": true,
    "summary": {
      "Oracle": {
        "reps": 30,
        "mean": 5.630115158611534,
        "std": 0.23581682280472652,
        "min": 4.757289579715,
        "max": 5.749926460054,
        "mae": 0.21208384319440002,
        "worst_rep": 14
      },
      "Proximal": {
        "reps": 30,
        "mean": 4.1391197275979,
        "std": 1.8031321112123435,
        "min": -0.06862993515,
        "max": 5.732258105473,
        "mae": 4.1237948053350335,
        "worst_rep": 22
      },
      "SRA": {
        "reps": 30,
        "mean": 5.063197734046466,
        "std": 0.42965216111166693,
        "min": 4.703739188998,
        "max": 5.727537568226,
        "mae": 0.6274191930553,
        "worst_rep": 4
      }
    },
    "prox_gt_sra_rate": 0.3333333333333333,
    "prox_minus_sra_mean": -0.924078006448567,
    "prox_loses_by_gt_0_5": 13,
    "prox_outlier_low_count_lt4_5": 9,
    "prox_outlier_low_count_lt4_0": 9
  },
  "430_n2000_phi1_linear_C3": {
    "exists": true,
    "summary": {
      "Oracle": {
        "reps": 30,
        "mean": 5.578692779980966,
        "std": 0.32449647927221337,
        "min": 4.740068548298,
        "max": 5.754680453335,
        "mae": 0.3079193052483001,
        "worst_rep": 6
      },
      "Proximal": {
        "reps": 30,
        "mean": 5.285253487514867,
        "std": 1.1019747534601059,
        "min": -0.082940244646,
        "max": 5.754680453335,
        "mae": 4.946649839648933,
        "worst_rep": 19
      },
      "SRA": {
        "reps": 30,
        "mean": 5.097434404663667,
        "std": 0.8220769505176735,
        "min": 1.579792991338,
        "max": 5.754680453335,
        "mae": 0.8001133974665667,
        "worst_rep": 4
      }
    },
    "prox_gt_sra_rate": 0.43333333333333335,
    "prox_minus_sra_mean": 0.1878190828512,
    "prox_loses_by_gt_0_5": 5,
    "prox_outlier_low_count_lt4_5": 2,
    "prox_outlier_low_count_lt4_0": 1
  },
  "430_n2000_phi2_nn_C3": {
    "exists": true,
    "summary": {
      "Oracle": {
        "reps": 30,
        "mean": 5.619177706159066,
        "std": 0.21959775385409563,
        "min": 4.842373968159,
        "max": 5.744151441565,
        "mae": 0.38028602695170005,
        "worst_rep": 6
      },
      "Proximal": {
        "reps": 30,
        "mean": 5.179307640301,
        "std": 1.0674523501797832,
        "min": 0.02081745448,
        "max": 5.754680453335,
        "mae": 4.390958967031267,
        "worst_rep": 19
      },
      "SRA": {
        "reps": 30,
        "mean": 5.108866403253333,
        "std": 0.43132102890706614,
        "min": 4.713749959893,
        "max": 5.73873812033,
        "mae": 0.5436085483301334,
        "worst_rep": 8
      }
    },
    "prox_gt_sra_rate": 0.5333333333333333,
    "prox_minus_sra_mean": 0.07044123704766674,
    "prox_loses_by_gt_0_5": 2,
    "prox_outlier_low_count_lt4_5": 1,
    "prox_outlier_low_count_lt4_0": 1
  },
  "430_n2000_phi3_nn_C3": {
    "exists": true,
    "summary": {
      "Oracle": {
        "reps": 30,
        "mean": 5.680440577343633,
        "std": 0.05150397623769013,
        "min": 5.522287397576,
        "max": 5.73308193953,
        "mae": 0.39364753790410006,
        "worst_rep": 16
      },
      "Proximal": {
        "reps": 30,
        "mean": 5.1571333004852,
        "std": 1.074600634443076,
        "min": 0.02914100784,
        "max": 5.750557784996,
        "mae": 4.444620291555833,
        "worst_rep": 19
      },
      "SRA": {
        "reps": 30,
        "mean": 5.203745089965199,
        "std": 0.4432756654990586,
        "min": 4.75397613996,
        "max": 5.732258105473,
        "mae": 0.6856263745356334,
        "worst_rep": 21
      }
    },
    "prox_gt_sra_rate": 0.5333333333333333,
    "prox_minus_sra_mean": -0.04661178948000003,
    "prox_loses_by_gt_0_5": 3,
    "prox_outlier_low_count_lt4_5": 2,
    "prox_outlier_low_count_lt4_0": 1
  },
  "430_n2000_phi4_nn_C3": {
    "exists": true,
    "summary": {
      "Oracle": {
        "reps": 30,
        "mean": 5.6197737169518005,
        "std": 0.21460148768365456,
        "min": 4.750598521319,
        "max": 5.744151441565,
        "mae": 0.33467454506669997,
        "worst_rep": 24
      },
      "Proximal": {
        "reps": 30,
        "mean": 5.138829724801233,
        "std": 1.0432070164185954,
        "min": 0.129491148852,
        "max": 5.754680453335,
        "mae": 4.393063956301334,
        "worst_rep": 19
      },
      "SRA": {
        "reps": 30,
        "mean": 5.188019794071766,
        "std": 0.45287177210381463,
        "min": 4.746329878226,
        "max": 5.736661114727,
        "mae": 0.6925582140033335,
        "worst_rep": 29
      }
    },
    "prox_gt_sra_rate": 0.5,
    "prox_minus_sra_mean": -0.04919006927053327,
    "prox_loses_by_gt_0_5": 4,
    "prox_outlier_low_count_lt4_5": 1,
    "prox_outlier_low_count_lt4_0": 1
  },
  "430_n5000_phi1_nn_C4": {
    "exists": true,
    "summary": {
      "Oracle": {
        "reps": 30,
        "mean": 5.630115158611534,
        "std": 0.23581682280472652,
        "min": 4.757289579715,
        "max": 5.749926460054,
        "mae": 0.21208384319440002,
        "worst_rep": 14
      },
      "Proximal": {
        "reps": 30,
        "mean": 4.990040796119799,
        "std": 0.6688942717747247,
        "min": 2.379414076672,
        "max": 5.736052698546,
        "mae": 2.3455496242252996,
        "worst_rep": 4
      },
      "SRA": {
        "reps": 30,
        "mean": 5.063197734046466,
        "std": 0.42965216111166693,
        "min": 4.703739188998,
        "max": 5.727537568226,
        "mae": 0.6274191930553,
        "worst_rep": 4
      }
    },
    "prox_gt_sra_rate": 0.4,
    "prox_minus_sra_mean": -0.0731569379266667,
    "prox_loses_by_gt_0_5": 6,
    "prox_outlier_low_count_lt4_5": 2,
    "prox_outlier_low_count_lt4_0": 1
  },
  "430_n5000_phi1_nn_C5": {
    "exists": true,
    "summary": {
      "Oracle": {
        "reps": 30,