{
  "n500_phi1_nn_C3": {
    "label": "n500_phi1_nn_C3",
    "n_reps": 30,
    "Proximal": {
      "mean": 4.611119305674299,
      "std": 1.583085335610479,
      "min": 0.051332390828,
      "max": 5.73308193953
    },
    "SRA": {
      "mean": 5.056688214398866,
      "std": 0.4076273141179733,
      "min": 4.730183423288,
      "max": 5.712564917569
    },
    "Oracle": {
      "mean": 5.323155087774999,
      "std": 0.4392371754658562,
      "min": 4.730183423288,
      "max": 5.738167740218
    },
    "mae": {
      "Proximal": 3.3216966116091666,
      "SRA": 0.7365200733724667,
      "Oracle": 0.9539274027952666
    },
    "prox_gt_sra": 0.5666666666666667,
    "prox_eq_sra": 0.03333333333333333
  },
  "n2000_phi1_nn_C3": {
    "label": "n2000_phi1_nn_C3",
    "n_reps": 30,
    "Proximal": {
      "mean": 5.1827848659686,
      "std": 1.0564494378284197,
      "min": 0.06414244635,
      "max": 5.73308193953
    },
    "SRA": {
      "mean": 5.091937471352133,
      "std": 0.4214113865626236,
      "min": 4.75434640211,
      "max": 5.732258105473
    },
    "Oracle": {
      "mean": 5.589193348613567,
      "std": 0.29146364803204794,
      "min": 4.750478718435,
      "max": 5.744151441565
    },
    "mae": {
      "Proximal": 4.3975041848864,
      "SRA": 0.49680856956790004,
      "Oracle": 0.3175586023417333
    },
    "prox_gt_sra": 0.5333333333333333,
    "prox_eq_sra": 0.06666666666666667
  },
  "n5000_phi1_nn_C3": {
    "label": "n5000_phi1_nn_C3",
    "n_reps": 30,
    "Proximal": {
      "mean": 4.1391197275979,
      "std": 1.8031321112123435,
      "min": -0.06862993515,
      "max": 5.732258105473
    },
    "SRA": {
      "mean": 5.063197734046466,
      "std": 0.42965216111166693,
      "min": 4.703739188998,
      "max": 5.727537568226
    },
    "Oracle": {
      "mean": 5.630115158611534,
      "std": 0.23581682280472652,
      "min": 4.757289579715,
      "max": 5.749926460054
    },
    "mae": {
      "Proximal": 4.1237948053350335,
      "SRA": 0.6274191930553,
      "Oracle": 0.21208384319440002
    },
    "prox_gt_sra": 0.3333333333333333,
    "prox_eq_sra": 0.1
  },
  "n2000_phi1_linear_C3": {
    "label": "n2000_phi1_linear_C3",
    "n_reps": 30,
    "Proximal": {
      "mean": 5.285253487514867,
      "std": 1.1019747534601059,
      "min": -0.082940244646,
      "max": 5.754680453335
    },
    "SRA": {
      "mean": 5.097434404663667,
      "std": 0.8220769505176735,
      "min": 1.579792991338,
      "max": 5.754680453335
    },
    "Oracle": {
      "mean": 5.578692779980966,
      "std": 0.3244964792722133,
      "min": 4.740068548298,
      "max": 5.754680453335
    },
    "mae": {
      "Proximal": 4.946649839648933,
      "SRA": 0.8001133974665667,
      "Oracle": 0.3079193052483001
    },
    "prox_gt_sra": 0.43333333333333335,
    "prox_eq_sra": 0.26666666666666666
  },
  "n2000_phi2_nn_C3": {
    "label": "n2000_phi2_nn_C3",
    "n_reps": 30,
    "Proximal": {
      "mean": 5.179307640301,
      "std": 1.0674523501797832,
      "min": 0.02081745448,
      "max": 5.754680453335
    },
    "SRA": {
      "mean": 5.108866403253333,
      "std": 0.43132102890706614,
      "min": 4.713749959893,
      "max": 5.73873812033
    },
    "Oracle": {
      "mean": 5.619177706159066,
      "std": 0.21959775385409563,
      "min": 4.842373968159,
      "max": 5.744151441565
    },
    "mae": {
      "Proximal": 4.390958967031267,
      "SRA": 0.5436085483301334,
      "Oracle": 0.38028602695170005
    },
    "prox_gt_sra": 0.5333333333333333,
    "prox_eq_sra": 0.06666666666666667
  },
  "n2000_phi3_nn_C3": {
    "label": "n2000_phi3_nn_C3",
    "n_reps": 30,
    "Proximal": {
      "mean": 5.1571333004852,
      "std": 1.074600634443076,
      "min": 0.02914100784,
      "max": 5.750557784996
    },
    "SRA": {
      "mean": 5.203745089965199,
      "std": 0.4432756654990586,
      "min": 4.75397613996,
      "max": 5.732258105473
    },
    "Oracle": {
      "mean": 5.680440577343633,
      "std": 0.051503976237690124,
      "min": 5.522287397576,
      "max": 5.73308193953
    },
    "mae": {
      "Proximal": 4.444620291555833,
      "SRA": 0.6856263745356334,
      "Oracle": 0.39364753790410006
    },
    "prox_gt_sra": 0.5333333333333333,
    "prox_eq_sra": 0.1
  },
  "n2000_phi4_nn_C3": {
    "label": "n2000_phi4_nn_C3",
    "n_reps": 30,
    "Proximal": {
      "mean": 5.138829724801233,
      "std": 1.0432070164185956,
      "min": 0.129491148852,
      "max": 5.754680453335
    },
    "SRA": {
      "mean": 5.188019794071766,
      "std": 0.4528717721038146,
      "min": 4.746329878226,
      "max": 5.736661114727
    },
    "Oracle": {
      "mean": 5.6197737169518005,
      "std": 0.21460148768365456,
      "min": 4.750598521319,
      "max": 5.744151441565
    },
    "mae": {
      "Proximal": 4.393063956301334,
      "SRA": 0.6925582140033335,
      "Oracle": 0.33467454506669997
    },
    "prox_gt_sra": 0.5,
    "prox_eq_sra": 0.06666666666666667
  },
  "n5000_phi1_nn_C4": {
    "label": "n5000_phi1_nn_C4",
    "n_reps": 30,
    "Proximal": {
      "mean": 4.990040796119799,
      "std": 0.6688942717747247,
      "min": 2.379414076672,
      "max": 5.736052698546
    },
    "SRA": {
      "mean": 5.063197734046466,
      "std": 0.42965216111166693,
      "min": 4.703739188998,
      "max": 5.727537568226
    },
    "Oracle": {
      "mean": 5.630115158611534,
      "std": 0.23581682280472652,
      "min": 4.757289579715,
      "max": 5.749926460054
    },
    "mae": {
      "Proximal": 2.3455496242252996,
      "SRA": 0.6274191930553,
      "Oracle": 0.21208384319440002
    },
    "prox_gt_sra": 0.4,
    "prox_eq_sra": 0.23333333333333334
  },
  "n5000_phi1_nn_C5": {
    "label": "n5000_phi1_nn_C5",
    "n_reps": 30,
    "Proximal": {
      "mean": 4.723507369989465,
      "std": 1.4067242175587078,
      "min": -0.062990202235,
      "max": 5.744151441565
    },
    "SRA": {
      "mean": 5.063197734046466,
      "std": 0.42965216111166693,
      "min": 4.703739188998,
      "max": 5.727537568226
    },
    "Oracle": {
      "mean": 5.630115158611534,
      "std": 0.23581682280472652,
      "min": 4.757289579715,
      "max": 5.749926460054
    },
    "mae": {
      "Proximal": 1.3102369459283667,
      "SRA": 0.6274191930553,
      "Oracle": 0.21208384319440002
    },
    "prox_gt_sra": 0.4666666666666667,
    "prox_eq_sra": 0.13333333333333333
  },
  "n5000_phi1_nn_C6": {
    "label": "n5000_phi1_nn_C6",
    "n_reps": 30,
    "Proximal": {
      "mean": 4.648983851521066,
      "std": 1.5791504678412056,
      "min": -0.067502258777,
      "max": 5.744151441565
    },
    "SRA": {
      "mean": 5.063197734046466,
      "std": 0.42965216111166693,
      "min": 4.703739188998,
      "max": 5.727537568226
    },
    "Oracle": {
      "mean": 5.630115158611534,
      "std": 0.23581682280472652,
      "min": 4.757289579715,
      "max": 5.749926460054
    },
    "mae": {
      "Proximal": 1.3202291124881669,
      "SRA": 0.6274191930553,
      "Oracle": 0.21208384319440002
    },
    "prox_gt_sra": 0.4666666666666667,
    "prox_eq_sra": 0.13333333333333333
  }
}