Estimator,Mean_True_Q_V(d),Std_True_Q_V(d),Estimation_Error_Mean
Proximal,4.1391197275979,1.7728252113887542,4.1237948053350335
SRA,5.063197734046466,0.42243060206736316,0.6274191930553
Oracle,5.630115158611534,0.23185323257136597,0.21208384319440002
