Estimator,Mean_True_Q_V(d),Std_True_Q_V(d),Estimation_Error_Mean
Proximal,5.285253487514867,1.0834528502376153,4.946649839648933
SRA,5.097434404663667,0.8082595471051915,0.8001133974665667
Oracle,5.578692779980966,0.31904236848950523,0.3079193052483001
