Estimator,Mean_True_Q_V(d),Std_True_Q_V(d),Estimation_Error_Mean
Proximal,4.250542634354412,1.2313731812109192,1.4669357681627941
SRA,5.040532906178794,0.6797014426223517,1.141793123714
Oracle,5.375654494281794,0.03271449816655576,0.21187941902676471
