Repetition,Estimator,True_Perf,Est_Error
1,Proximal,5.709799358629,3.346039789066

2,Proximal,0.295528119974,-0.659076940647

