Repetition,Estimator,True_Perf,Est_Error
1,Proximal,4.757833094463,-0.141076688947
1,SRA,4.760925862648,0.580284012132
1,Oracle,5.709799358629,-0.409912347819

2,Proximal,4.750478718435,1.685665509652
2,SRA,5.707555457326,1.370924956365
2,Oracle,5.707555457326,-0.306486120630

