Repetition,Estimator,True_Perf,Est_Error
1,Proximal,4.757833094463,0.338248080487
1,SRA,4.760925862648,0.580284012132
1,Oracle,5.709799358629,-0.409912347819

2,Proximal,5.707555457326,1.540835086212
2,SRA,5.707555457326,1.370924956365
2,Oracle,5.707555457326,-0.306486120630

