Repetition,Estimator,True_Perf,Est_Error
1,Proximal,5.546334821688,0.647018172796
1,SRA,4.757833094463,0.580588769062
1,Oracle,4.757833094463,0.374510619310

2,Proximal,5.707555457326,1.540835086212
2,SRA,5.707555457326,1.370924956365
2,Oracle,5.689704421268,-0.371706604442

3,Proximal,4.918689603424,-0.232497531603
3,SRA,5.754680453335,1.706732536431
3,Oracle,5.754680453335,0.245997506793

