iter,q_prev,q_new,sv_at_q_new,target,abs_sv_gap,q_shift,policy_flip_count,norm_factor,crossing_qs,diag_q_rightmost_feasible,diag_sv_at_rightmost
1,0.13825339375585893,4.395488492662368,0.5002968913080009,0.5,0.0002968913080009239,4.257235098906509,0,0.7599033654689789,4.3994735303,4.3993830070929585,0.5002968913080009
2,4.395488492662368,4.395488492662368,0.5002968913080009,0.5,0.0002968913080009239,0.0,0,0.7599033654689789,4.3994735303,4.3993830070929585,0.5002968913080009
