iter,q_prev,q_new,sv_at_q_new,target,abs_sv_gap,q_shift,policy_flip_count,norm_factor,crossing_qs,diag_q_rightmost_feasible,diag_sv_at_rightmost
1,0.0862576454911207,4.400418785346344,0.5001522266295431,0.5,0.00015222662954306188,4.314161139855223,0,0.7208696707680822,4.4005779959,4.400418785346344,0.5001522266295431
2,4.400418785346344,4.400418785346344,0.5001522266295431,0.5,0.00015222662954306188,0.0,0,0.7208696707680822,4.4005779959,4.400418785346344,0.5001522266295431
