iter,q_prev,q_new,sv_at_q_new,target,abs_sv_gap,q_shift,policy_flip_count,norm_factor,crossing_qs,diag_q_rightmost_feasible,diag_sv_at_rightmost
1,0.14857936526611437,4.6622149679726546,0.49959188482401606,0.5,0.0004081151759839363,4.5136356027065405,0,0.65167756357193,4.6620623103,4.661870638318376,0.5005124163701212
2,4.6622149679726546,4.715361905939914,0.499810585605816,0.5,0.00018941439418401762,0.05314693796725933,55,0.6510433505703557,4.7145646416,4.711490970502469,0.500730244066844
