iter,q_prev,q_new,sv_at_q_new,target,abs_sv_gap,q_shift,policy_flip_count,norm_factor,crossing_qs,diag_q_rightmost_feasible,diag_sv_at_rightmost
1,0.37744312240445416,5.603933546391035,0.4996515230456121,0.5,0.0003484769543878885,5.226490423986581,0,0.6846349656457315,5.6038983631,5.603850339159895,0.5004756585282506
2,5.603933546391035,5.661142609260376,0.499945353161726,0.5,5.46468382739973e-05,0.05720906286934113,75,0.6860619816480438,5.6601755821,5.6457094872094356,0.5008174810508033
