{
  "n500_phi3_nn": {
    "summary": {
      "Oracle": {
        "mean": 5.502716905792833,
        "std": 0.34635832076557427,
        "min": 4.730183423288,
        "max": 5.735576184359
      },
      "Proximal": {
        "mean": 5.2129307006381,
        "std": 0.47296233082585054,
        "min": 4.493371257778,
        "max": 5.73308193953
      },
      "SRA": {
        "mean": 5.1046384241885665,
        "std": 0.4218951247604465,
        "min": 4.713749959893,
        "max": 5.735576184359
      }
    },
    "mae": {
      "Oracle": 0.6080664676940999,
      "Proximal": 0.8566338210009,
      "SRA": 0.7553520965414668
    },
    "prox_gt_sra_rate": 0.5666666666666667,
    "prox_lt_sra_rate": 0.36666666666666664,
    "prox_worst_rep": 10,
    "prox_worst_val": 4.493371257778
  },
  "n2000_phi3_nn": {
    "summary": {
      "Oracle": {
        "mean": 5.641716190600033,
        "std": 0.18113145022714716,
        "min": 4.750598521319,
        "max": 5.732258105473
      },
      "Proximal": {
        "mean": 5.338633742544467,
        "std": 0.4534550579671059,
        "min": 4.719516522923,
        "max": 5.744151441565
      },
      "SRA": {
        "mean": 5.107121269745833,
        "std": 0.42180475057787536,
        "min": 4.736971426428,
        "max": 5.732258105473
      }
    },
    "mae": {
      "Oracle": 0.2905630990055333,
      "Proximal": 0.5817850689098333,
      "SRA": 0.6019888809142666
    },
    "prox_gt_sra_rate": 0.5,
    "prox_lt_sra_rate": 0.4,
    "prox_worst_rep": 29,
    "prox_worst_val": 4.719516522923
  },
  "n5000_phi3_nn": {
    "summary": {
      "Oracle": {
        "mean": 5.6247930662672,
        "std": 0.23397510188663956,
        "min": 4.757217055546,
        "max": 5.744151441565
      },
      "Proximal": {
        "mean": 5.103152843204033,
        "std": 1.0763878437722136,
        "min": -0.030355568894,
        "max": 5.754680453335
      },
      "SRA": {
        "mean": 5.097650822008566,
        "std": 0.4321016207774892,
        "min": 4.703739188998,
        "max": 5.754680453335
      }
    },
    "mae": {
      "Oracle": 0.15275717200776665,
      "Proximal": 0.6836351719327001,
      "SRA": 0.6922543980032
    },
    "prox_gt_sra_rate": 0.43333333333333335,
    "prox_lt_sra_rate": 0.3,
    "prox_worst_rep": 22,
    "prox_worst_val": -0.030355568894
  },
  "n2000_phi3_linear": {
    "summary": {
      "Oracle": {
        "mean": 5.5847999974496,
        "std": 0.33705149324895833,
        "min": 4.713749959893,
        "max": 5.754680453335
      },
      "Proximal": {
        "mean": 5.212595142687033,
        "std": 0.48310432453107915,
        "min": 4.572808356475,
        "max": 5.735807421049
      },
      "SRA": {
        "mean": 5.014988391307467,
        "std": 0.9889898936987404,
        "min": 0.3963225754,
        "max": 5.744151441565
      }
    },
    "mae": {
      "Oracle": 0.25272410781349997,
      "Proximal": 0.5364907338828332,
      "SRA": 0.8158789821161334
    },
    "prox_gt_sra_rate": 0.36666666666666664,
    "prox_lt_sra_rate": 0.4,
    "prox_worst_rep": 29,
    "prox_worst_val": 4.572808356475
  },
  "n2000_phi1_nn": {
    "summary": {
      "Oracle": {
        "mean": 5.596686935560433,
        "std": 0.26449098134584864,
        "min": 4.759374523867,
        "max": 5.744151441565
      },
      "Proximal": {
        "mean": 5.352636264651833,
        "std": 0.4592095229803856,
        "min": 4.733171447577,
        "max": 5.744151441565
      },
      "SRA": {
        "mean": 5.1032417865558,
        "std": 0.4349613679341787,
        "min": 4.731305264582,
        "max": 5.732258105473
      }
    },
    "mae": {
      "Oracle": 0.2632232519938667,
      "Proximal": 0.6092001347026665,
      "SRA": 0.6165870859574
    },
    "prox_gt_sra_rate": 0.4666666666666667,
    "prox_lt_sra_rate": 0.4666666666666667,
    "prox_worst_rep": 6,
    "prox_worst_val": 4.733171447577
  },
  "n2000_phi1_linear": {
    "summary": {
      "Oracle": {
        "mean": 5.593027657853434,
        "std": 0.3206476600470773,
        "min": 4.713749959893,
        "max": 5.754680453335
      },
      "Proximal": {
        "mean": 5.230571494337934,
        "std": 0.4854893963523908,
        "min": 4.719516522923,
        "max": 5.744151441565
      },
      "SRA": {
        "mean": 5.049878846581366,
        "std": 1.008052083465748,
        "min": 0.333451364279,
        "max": 5.754480441392
      }
    },
    "mae": {
      "Oracle": 0.24339400065166666,
      "Proximal": 0.5778141926748667,
      "SRA": 0.8100340946837001
    },
    "prox_gt_sra_rate": 0.3333333333333333,
    "prox_lt_sra_rate": 0.23333333333333334,
    "prox_worst_rep": 29,
    "prox_worst_val": 4.719516522923
  }
}