Estimator,Mean_True_Q_V(d),Std_True_Q_V(d),Estimation_Error_Mean
Proximal,5.2285147553600915,0.43474635537230344,1.002252547600091
SRA,5.131736629609182,0.41926559025895777,0.8883069207808181
Oracle,5.5309547056831825,0.34372643631698696,0.495569218122
