Estimator,Mean_True_Q_V(d),Std_True_Q_V(d),Estimation_Error_Mean
Proximal,5.1031528432040325,1.058296003274403,0.6836351719327001
SRA,5.097650822008565,0.4248388914116919,0.6922543980032
Oracle,5.624793066267199,0.23004246715067178,0.15275717200776665
