Estimator,Mean_True_Q_V(d),Std_True_Q_V(d),Estimation_Error_Mean
Proximal,5.317118298645001,0.4408353200516896,0.6717138037281001
SRA,5.076453416482599,0.39967915695357664,0.8517430470780999
Oracle,5.511951599164901,0.3549511948066895,0.5243142975736
