Estimator,Mean_True_Q_V(d),Std_True_Q_V(d),Estimation_Error_Mean
Proximal,5.275858339379286,0.199344616158261,1.3760294821273216
SRA,5.139597427211965,0.16278367030860139,0.45742465219946427
Oracle,5.305994733156642,0.16373263600996935,0.24523527581521432
