Estimator,Mean_True_Q_V(d),Std_True_Q_V(d),Estimation_Error_Mean
Proximal,5.306662105631192,0.4795294590893184,1.4335825923973848
SRA,4.959406079134269,1.021209765449905,0.7706873917164232
Oracle,5.601637308285922,0.30866112876311647,0.23043781685103845
