Estimator,Mean_True_Q_V(d),Std_True_Q_V(d),Estimation_Error_Mean
Proximal,5.1462734433809345,0.8114335957143676,0.8946682703685834
SRA,5.120999843772817,0.4211357550550796,0.7581905355309501
Oracle,5.506588445016083,0.34057124932221255,0.6197169260704667
