{
    "n_train": 5000,
    "tau": 0.5,
    "phi_type": 1,
    "model_type": "linear",
    "mc_reps": 50,
    "oracle_q": 0.05135923107124607,
    "mean_q": 0.051611363747578826,
    "std_q": 0.005139969232311953,
    "regret": -0.0002521326763327558,
    "rmse": 0.005146149492153163
}