{
    "n_train": 2000,
    "tau": 0.5,
    "phi_type": 3,
    "model_type": "linear",
    "mc_reps": 50,
    "oracle_q": 0.05491151607952474,
    "mean_q": 0.05122932571101122,
    "std_q": 0.011581153268441597,
    "regret": 0.00368219036851352,
    "rmse": 0.012152433375135581
}