{
    "n_train": 5000,
    "tau": 0.5,
    "phi_type": 2,
    "model_type": "linear",
    "mc_reps": 50,
    "oracle_q": 0.05135923107124607,
    "mean_q": 0.051623566950969375,
    "std_q": 0.005130487168739364,
    "regret": -0.0002643358797233056,
    "rmse": 0.0051372922873736074
}