{
    "n_train": 500,
    "tau": 0.5,
    "phi_type": 3,
    "model_type": "linear",
    "mc_reps": 50,
    "oracle_q": 0.05104226927698707,
    "mean_q": 0.0309753855323403,
    "std_q": 0.13129566972265921,
    "regret": 0.020066883744646772,
    "rmse": 0.13282030233041478
}