{
    "n_train": 2000,
    "tau": 0.5,
    "phi_type": 1,
    "model_type": "nn",
    "mc_reps": 50,
    "oracle_q": 0.05491151607952474,
    "mean_q": 0.052166999200972765,
    "std_q": 0.00833061940440313,
    "regret": 0.0027445168785519766,
    "rmse": 0.008771065645500247
}