{
    "n_train": 2000,
    "tau": 0.5,
    "phi_type": 2,
    "model_type": "nn",
    "mc_reps": 50,
    "oracle_q": 0.05491151607952474,
    "mean_q": 0.05216559558475655,
    "std_q": 0.008329624327382493,
    "regret": 0.0027459204947681906,
    "rmse": 0.00877055989084564
}