{
    "n_train": 500,
    "tau": 0.5,
    "phi_type": 4,
    "model_type": "nn",
    "mc_reps": 50,
    "oracle_q": 0.05104226927698707,
    "mean_q": 0.022732455170292952,
    "std_q": 0.14640419232303445,
    "regret": 0.02830981410669412,
    "rmse": 0.14911617318223946
}