{
    "n_train": 2000,
    "tau": 0.5,
    "phi_type": 2,
    "model_type": "linear",
    "mc_reps": 50,
    "oracle_q": 0.05491151607952474,
    "mean_q": 0.05040014255855502,
    "std_q": 0.013443604226398032,
    "regret": 0.004511373520969725,
    "rmse": 0.014180373254669068
}