{
    "n_train": 2000,
    "tau": 0.5,
    "phi_type": 4,
    "model_type": "nn",
    "mc_reps": 50,
    "oracle_q": 0.05491151607952474,
    "mean_q": 0.04629040251894319,
    "std_q": 0.042414083360312715,
    "regret": 0.008621113560581553,
    "rmse": 0.04328138244464933
}