{
    "n_train": 500,
    "tau": 0.5,
    "phi_type": 1,
    "model_type": "linear",
    "mc_reps": 50,
    "oracle_q": 0.05104226927698707,
    "mean_q": 0.009162918983484957,
    "std_q": 0.1927972931886957,
    "regret": 0.041879350293502114,
    "rmse": 0.19729337607201552
}