{
    "n_train": 2000,
    "tau": 0.5,
    "phi_type": 3,
    "model_type": "nn",
    "mc_reps": 50,
    "oracle_q": 0.05491151607952474,
    "mean_q": 0.037839932472149285,
    "std_q": 0.10063645377229481,
    "regret": 0.017071583607375457,
    "rmse": 0.10207416320855559
}