{
    "n_train": 500,
    "tau": 0.5,
    "phi_type": 3,
    "model_type": "nn",
    "mc_reps": 50,
    "oracle_q": 0.05104226927698707,
    "mean_q": -0.008636553961757614,
    "std_q": 0.2168975874724653,
    "regret": 0.05967882323874469,
    "rmse": 0.22495805252210258
}