{
    "n_train": 2000,
    "tau": 0.5,
    "phi_type": 4,
    "model_type": "linear",
    "mc_reps": 50,
    "oracle_q": 0.05491151607952474,
    "mean_q": 0.05211663775852493,
    "std_q": 0.008376068121258561,
    "regret": 0.0027948783209998107,
    "rmse": 0.008830054473283767
}