{
    "n_train": 500,
    "tau": 0.5,
    "phi_type": 2,
    "model_type": "linear",
    "mc_reps": 50,
    "oracle_q": 0.05104226927698707,
    "mean_q": -0.027054755628846437,
    "std_q": 0.2677449606020006,
    "regret": 0.0780970249058335,
    "rmse": 0.27890232918874885
}