{
    "n_train": 500,
    "tau": 0.5,
    "phi_type": 1,
    "model_type": "nn",
    "mc_reps": 50,
    "oracle_q": 0.05104226927698707,
    "mean_q": 0.017339107299394935,
    "std_q": 0.15920824401160505,
    "regret": 0.03370316197759214,
    "rmse": 0.16273649894398795
}