{
    "n_train": 500,
    "tau": 0.5,
    "phi_type": 2,
    "model_type": "nn",
    "mc_reps": 50,
    "oracle_q": 0.05104226927698707,
    "mean_q": 0.046470365700774965,
    "std_q": 0.035910514332010375,
    "regret": 0.004571903576212108,
    "rmse": 0.03620037764857852
}