{
    "n_train": 2000,
    "tau": 0.5,
    "phi_type": 1,
    "model_type": "linear",
    "mc_reps": 50,
    "oracle_q": 0.05491151607952474,
    "mean_q": 0.036775821723806106,
    "std_q": 0.10724889176613915,
    "regret": 0.018135694355718636,
    "rmse": 0.10877144935519187
}