{
    "n_train": 500,
    "tau": 0.5,
    "phi_type": 4,
    "model_type": "linear",
    "mc_reps": 50,
    "oracle_q": 0.05104226927698707,
    "mean_q": -0.06996674985277496,
    "std_q": 0.3567758983622456,
    "regret": 0.12100901912976203,
    "rmse": 0.3767389339621464
}