Estimator,Mean_True_Q_V(d),Std_True_Q_V(d),Estimation_Error_Mean
Proximal,4.000780625822817,1.7124428917521282,1.6253703939933333
SRA,5.061114251866152,0.5264963838061504,1.0870418379631515
Oracle,5.378363412297303,0.030470684762738624,0.19351311546403027
