Estimator,Mean_True_Q_V(d),Std_True_Q_V(d),Estimation_Error_Mean
Proximal,4.241687228659657,1.3158387467975468,1.4096953819986875
SRA,5.097024708147,0.6187076861181734,0.9855728463143125
Oracle,5.379115917008687,0.025767111323523884,0.22222483501259374
