Estimator,Mean_True_Q_V(d),Std_True_Q_V(d),Estimation_Error_Mean
Proximal,4.931504462067034,1.1550078352920001,0.9491205900418275
SRA,5.0941344191141384,0.18717172338605256,0.4746583621940345
Oracle,5.340005425274344,0.25596172307431697,0.23933225482782758
