Estimator,Mean_True_Q_V(d),Std_True_Q_V(d),Estimation_Error_Mean
Proximal,5.111123728967467,0.5629687070620392,1.2594784001534332
SRA,5.151866463067833,0.19823536788592164,0.7219180911401666
Oracle,5.392833774786933,0.17085006473270078,0.43185067233463337
