{
    "learning_rate": 0.00012018094308792936,
    "l2_penalty": 0.0003829473156665309,
    "dropout_prob": 0.10288526820356499,
    "network_depth": 5.0,
    "network_width": 23.0,
    "n_epochs": 200,
    "batch_size": 100,
    "loss_name": "U_statistic"
}