{
    "learning_rate": 0.009176961191144773,
    "l2_penalty": 0.0005025521249805784,
    "dropout_prob": 0.38459969131388283,
    "network_depth": 2.0,
    "network_width": 37.0,
    "n_epochs": 200,
    "batch_size": 100,
    "loss_name": "U_statistic"
}