{
    "learning_rate": 0.00023530939026456408,
    "l2_penalty": 4.5645082784720407e-07,
    "dropout_prob": 0.1,
    "network_depth": 2.0,
    "network_width": 60.0,
    "n_epochs": 200,
    "batch_size": 100,
    "loss_name": "U_statistic"
}