{
  "n500_phi3_nn_c55": {
    "exists": true,
    "rows": 90,
    "rep_counts": {
      "Oracle": 30,
      "Proximal": 30,
      "SRA": 30
    },
    "summary": {
      "Oracle": {
        "mean": 5.502716905792833,
        "std": 0.34635832076557427,
        "min": 4.730183423288,
        "max": 5.735576184359
      },
      "Proximal": {
        "mean": 5.053304935165133,
        "std": 0.43364963535298334,
        "min": 4.713749959893,
        "max": 5.735576184359
      },
      "SRA": {
        "mean": 5.1046384241885665,
        "std": 0.4218951247604465,
        "min": 4.713749959893,
        "max": 5.735576184359
      }
    },
    "mae": {
      "Oracle": 0.6080664676940999,
      "Proximal": 1.0765497229230667,
      "SRA": 0.7553520965414668
    },
    "prox_gt_sra_rate": 0.3
  },
  "n2000_phi3_nn_c55": {
    "exists": true,
    "rows": 90,
    "rep_counts": {
      "Oracle": 30,
      "Proximal": 30,
      "SRA": 30
    },
    "summary": {
      "Oracle": {
        "mean": 5.641716190600033,
        "std": 0.18113145022714716,
        "min": 4.750598521319,
        "max": 5.732258105473
      },
      "Proximal": {
        "mean": 5.2089225128596,
        "std": 0.4619621031192651,
        "min": 4.728852157298,
        "max": 5.732258105473
      },
      "SRA": {
        "mean": 5.107121269745833,
        "std": 0.42180475057787536,
        "min": 4.736971426428,
        "max": 5.732258105473
      }
    },
    "mae": {
      "Oracle": 0.2905630990055333,
      "Proximal": 0.9696039199718668,
      "SRA": 0.6019888809142666
    },
    "prox_gt_sra_rate": 0.43333333333333335
  },
  "n2000_phi1_nn_c55": {
    "exists": true,
    "rows": 90,
    "rep_counts": {
      "Oracle": 30,
      "Proximal": 30,
      "SRA": 30
    },
    "summary": {
      "Oracle": {
        "mean": 5.596686935560433,
        "std": 0.26449098134584864,
        "min": 4.759374523867,
        "max": 5.744151441565
      },
      "Proximal": {
        "mean": 5.2675542781113665,
        "std": 0.47190038931156164,
        "min": 4.729370614022,
        "max": 5.73308193953
      },
      "SRA": {
        "mean": 5.1032417865558,
        "std": 0.4349613679341787,
        "min": 4.731305264582,
        "max": 5.732258105473
      }
    },
    "mae": {
      "Oracle": 0.2632232519938667,
      "Proximal": 0.9383187114774668,
      "SRA": 0.6165870859574
    },
    "prox_gt_sra_rate": 0.4666666666666667
  },
  "n2000_phi3_nn_c3": {
    "exists": true,
    "rows": 90,
    "rep_counts": {
      "Oracle": 30,
      "Proximal": 30,
      "SRA": 30
    },
    "summary": {
      "Oracle": {
        "mean": 5.641716190600033,
        "std": 0.18113145022714716,
        "min": 4.750598521319,
        "max": 5.732258105473
      },
      "Proximal": {
        "mean": 5.476254160100966,
        "std": 0.3849813613012676,
        "min": 4.74661109247,
        "max": 5.736052698546
      },
      "SRA": {
        "mean": 5.107121269745833,
        "std": 0.42180475057787536,
        "min": 4.736971426428,
        "max": 5.732258105473
      }
    },
    "mae": {
      "Oracle": 0.2905630990055333,
      "Proximal": 1.0449535207776333,
      "SRA": 0.6019888809142666
    },
    "prox_gt_sra_rate": 0.6666666666666666
  },
  "n2000_phi3_nn_c4": {
    "exists": true,
    "rows": 90,
    "rep_counts": {
      "Oracle": 30,
      "Proximal": 30,
      "SRA": 30
    },
    "summary": {
      "Oracle": {
        "mean": 5.641716190600033,
        "std": 0.18113145022714716,
        "min": 4.750598521319,
        "max": 5.732258105473
      },
      "Proximal": {
        "mean": 5.171640588304133,
        "std": 0.4433571568837187,
        "min": 4.736971426428,
        "max": 5.724529033761
      },
      "SRA": {
        "mean": 5.107121269745833,
        "std": 0.42180475057787536,
        "min": 4.736971426428,
        "max": 5.732258105473
      }
    },
    "mae": {
      "Oracle": 0.2905630990055333,
      "Proximal": 0.5129973424619333,
      "SRA": 0.6019888809142666
    },
    "prox_gt_sra_rate": 0.4666666666666667
  },
  "n2000_phi3_nn_c6": {
    "exists": true,
    "rows": 90,
    "rep_counts": {
      "Oracle": 30,
      "Proximal": 30,
      "SRA": 30
    },
    "summary": {
      "Oracle": {
        "mean": 5.641716190600033,
        "std": 0.18113145022714716,
        "min": 4.750598521319,
        "max": 5.732258105473
      },
      "Proximal": {
        "mean": 5.295795865206933,
        "std": 0.5145916367362852,
        "min": 4.013343891294,
        "max": 5.735576184359
      },
      "SRA": {
        "mean": 5.107121269745833,
        "std": 0.42180475057787536,
        "min": 4.736971426428,
        "max": 5.732258105473
      }
    },
    "mae": {
      "Oracle": 0.2905630990055333,
      "Proximal": 0.8566687942838331,
      "SRA": 0.6019888809142666
    },
    "prox_gt_sra_rate": 0.5
  },
  "n2000_phi3_linear_c55": {
    "exists": true,
    "rows": 78,
    "rep_counts": {
      "Oracle": 26,
      "Proximal": 26,
      "SRA": 26
    },
    "summary": {
      "Oracle": {
        "mean": 5.601637308285922,
        "std": 0.3147738237301413,
        "min": 4.713749959893,
        "max": 5.754680453335
      },
      "Proximal": {
        "mean": 5.343688017647077,
        "std": 0.4833264476820127,
        "min": 4.703739188998,
        "max": 5.754680453335
      },
      "SRA": {
        "mean": 4.959406079134269,
        "std": 1.0414337043001156,
        "min": 0.3963225754,
        "max": 5.744151441565
      }
    },
    "mae": {
      "Oracle": 0.23043781685103845,
      "Proximal": 0.8775863016917691,
      "SRA": 0.7706873917164232
    },
    "prox_gt_sra_rate": 0.5
  },
  "n2000_phi1_linear_c55": {
    "exists": true,
    "rows": 78,
    "rep_counts": {
      "Oracle": 26,
      "Proximal": 26,
      "SRA": 26
    },
    "summary": {
      "Oracle": {
        "mean": 5.574227926299923,
        "std": 0.34117105039877976,
        "min": 4.713749959893,
        "max": 5.754680453335
      },
      "Proximal": {
        "mean": 5.379644833364077,
        "std": 0.4693089014315934,
        "min": 4.703739188998,
        "max": 5.754680453335
      },
      "SRA": {
        "mean": 4.991746996770539,
        "std": 1.0621495106126218,
        "min": 0.333451364279,
        "max": 5.754480441392
      }
    },
    "mae": {
      "Oracle": 0.23023677544688462,
      "Proximal": 0.8468317699870384,
      "SRA": 0.7889668653965386
    },
    "prox_gt_sra_rate": 0.5
  },
  "n5000_phi3_nn_c55": {
    "exists": true,
    "rows": 48,
    "rep_counts": {
      "Oracle": 16,
      "Proximal": 16,
      "SRA": 16
    },
    "summary": {
      "Oracle": {
        "mean": 5.618393137693812,
        "std": 0.23380289138422203,
        "min": 4.757217055546,
        "max": 5.736559229342
      },
      "Proximal": {
        "mean": 5.0445483779097495,
        "std": 1.1779436404197963,
        "min": 0.962355427575,
        "max": 5.754680453335
      },
      "SRA": {
        "mean": 5.096587142353438,
        "std": 0.44623797946161464,
        "min": 4.703739188998,
        "max": 5.754680453335
      }
    },
    "mae": {
      "Oracle": 0.160651507448125,
      "Proximal": 0.8304503679906874,
      "SRA": 0.748958758013125
    },
    "prox_gt_sra_rate": 0.5
  }
}