{
  "429_n500_phi3_nn_C55": {
    "exists": true,
    "summary": {
      "Oracle": {
        "reps": 30,
        "mean": 5.502716905792833,
        "std": 0.34635832076557427,
        "min": 4.730183423288,
        "max": 5.735576184359,
        "mae": 0.6080664676940999,
        "worst_rep": 9
      },
      "Proximal": {
        "reps": 30,
        "mean": 5.053304935165133,
        "std": 0.43364963535298306,
        "min": 4.713749959893,
        "max": 5.735576184359,
        "mae": 1.0765497229230667,
        "worst_rep": 8
      },
      "SRA": {
        "reps": 30,
        "mean": 5.104638424188566,
        "std": 0.4218951247604468,
        "min": 4.713749959893,
        "max": 5.735576184359,
        "mae": 0.7553520965414668,
        "worst_rep": 8
      }
    },
    "prox_gt_sra_rate": 0.3,
    "prox_minus_sra_mean": -0.051333489023433404,
    "prox_loses_by_gt_0_5": 5,
    "prox_low_lt4_5": 0,
    "prox_low_lt4_0": 0
  },
  "429_n2000_phi3_nn_C55": {
    "exists": true,
    "summary": {
      "Oracle": {
        "reps": 30,
        "mean": 5.641716190600034,
        "std": 0.18113145022714727,
        "min": 4.750598521319,
        "max": 5.732258105473,
        "mae": 0.2905630990055333,
        "worst_rep": 24
      },
      "Proximal": {
        "reps": 30,
        "mean": 5.2089225128596,
        "std": 0.4619621031192651,
        "min": 4.728852157298,
        "max": 5.732258105473,
        "mae": 0.9696039199718668,
        "worst_rep": 29
      },
      "SRA": {
        "reps": 30,
        "mean": 5.107121269745834,
        "std": 0.42180475057787536,
        "min": 4.736971426428,
        "max": 5.732258105473,
        "mae": 0.6019888809142666,
        "worst_rep": 22
      }
    },
    "prox_gt_sra_rate": 0.43333333333333335,
    "prox_minus_sra_mean": 0.10180124311376663,
    "prox_loses_by_gt_0_5": 4,
    "prox_low_lt4_5": 0,
    "prox_low_lt4_0": 0
  },
  "429_n5000_phi3_nn_C55": {
    "exists": true,
    "summary": {
      "Oracle": {
        "reps": 30,
        "mean": 5.624793066267199,
        "std": 0.23397510188663953,
        "min": 4.757217055546,
        "max": 5.744151441565,
        "mae": 0.15275717200776665,
        "worst_rep": 11
      },
      "Proximal": {
        "reps": 30,
        "mean": 4.908216869206732,
        "std": 1.2992516000968624,
        "min": -0.064354774088,
        "max": 5.754680453335,
        "mae": 0.6284376648763333,
        "worst_rep": 17
      },
      "SRA": {
        "reps": 30,
        "mean": 5.097650822008565,
        "std": 0.4321016207774892,
        "min": 4.703739188998,
        "max": 5.754680453335,
        "mae": 0.6922543980032,
        "worst_rep": 4
      }
    },
    "prox_gt_sra_rate": 0.43333333333333335,
    "prox_minus_sra_mean": -0.18943395280183337,
    "prox_loses_by_gt_0_5": 6,
    "prox_low_lt4_5": 2,
    "prox_low_lt4_0": 2
  },
  "429_n2000_phi3_linear_C55": {
    "exists": true,
    "summary": {
      "Oracle": {
        "reps": 30,
        "mean": 5.584799997449598,
        "std": 0.33705149324895817,
        "min": 4.713749959893,
        "max": 5.754680453335,
        "mae": 0.25272410781349997,
        "worst_rep": 8
      },
      "Proximal": {
        "reps": 30,
        "mean": 5.367024262460933,
        "std": 0.4727303886505023,
        "min": 4.703739188998,
        "max": 5.754680453335,
        "mae": 0.9232942910426333,
        "worst_rep": 4
      },
      "SRA": {
        "reps": 30,
        "mean": 5.014988391307466,
        "std": 0.9889898936987402,
        "min": 0.3963225754,
        "max": 5.744151441565,
        "mae": 0.8158789821161334,
        "worst_rep": 4
      }
    },
    "prox_gt_sra_rate": 0.4666666666666667,
    "prox_minus_sra_mean": 0.3520358711534668,
    "prox_loses_by_gt_0_5": 3,
    "prox_low_lt4_5": 0,
    "prox_low_lt4_0": 0
  },
  "429_n2000_phi1_nn_C55": {
    "exists": true,
    "summary": {
      "Oracle": {
        "reps": 30,
        "mean": 5.596686935560433,
        "std": 0.2644909813458488,
        "min": 4.759374523867,
        "max": 5.744151441565,
        "mae": 0.2632232519938667,
        "worst_rep": 16
      },
      "Proximal": {
        "reps": 30,
        "mean": 5.2675542781113665,
        "std": 0.4719003893115617,
        "min": 4.729370614022,
        "max": 5.73308193953,
        "mae": 0.9383187114774668,
        "worst_rep": 29
      },
      "SRA": {
        "reps": 30,
        "mean": 5.1032417865558,
        "std": 0.4349613679341789,
        "min": 4.731305264582,
        "max": 5.732258105473,
        "mae": 0.6165870859574,
        "worst_rep": 8
      }
    },
    "prox_gt_sra_rate": 0.4666666666666667,
    "prox_minus_sra_mean": 0.16431249155556668,
    "prox_loses_by_gt_0_5": 3,
    "prox_low_lt4_5": 0,
    "prox_low_lt4_0": 0
  },
  "429_n2000_phi1_linear_C55": {
    "exists": true,
    "summary": {
      "Oracle": {
        "reps": 30,
        "mean": 5.5930276578534315,
        "std": 0.3206476600470774,
        "min": 4.713749959893,
        "max": 5.754680453335,
        "mae": 0.24339400065166666,
        "worst_rep": 8
      },
      "Proximal": {
        "reps": 30,
        "mean": 5.149301987628066,
        "std": 1.5273531586485367,
        "min": -2.58082293029,
        "max": 5.754680453335,
        "mae": 0.9058177380259667,
        "worst_rep": 29
      },
      "SRA": {
        "reps": 30,
        "mean": 5.049878846581367,
        "std": 1.008052083465748,
        "min": 0.333451364279,
        "max": 5.754480441392,
        "mae": 0.8100340946837001,
        "worst_rep": 4
      }
    },
    "prox_gt_sra_rate": 0.5,
    "prox_minus_sra_mean": 0.09942314104669989,
    "prox_loses_by_gt_0_5": 4,
    "prox_low_lt4_5": 1,
    "prox_low_lt4_0": 1
  },
  "428_n500_phi3_nn_C5": {
    "exists": true,
    "summary": {
      "Oracle": {
        "reps": 30,
        "mean": 5.502716905792833,
        "std": 0.34635832076557427,
        "min": 4.730183423288,
        "max": 5.735576184359,
        "mae": 0.6080664676940999,
        "worst_rep": 9
      },
      "Proximal": {
        "reps": 30,
        "mean": 5.2129307006381005,
        "std": 0.4729623308258508,
        "min": 4.493371257778,
        "max": 5.73308193953,
        "mae": 0.8566338210009,
        "worst_rep": 10
      },
      "SRA": {
        "reps": 30,
        "mean": 5.104638424188566,
        "std": 0.4218951247604468,
        "min": 4.713749959893,
        "max": 5.735576184359,
        "mae": 0.7553520965414668,
        "worst_rep": 8
      }
    },
    "prox_gt_sra_rate": 0.5666666666666667,
    "prox_minus_sra_mean": 0.10829227644953325,
    "prox_loses_by_gt_0_5": 5,
    "prox_low_lt4_5": 1,
    "prox_low_lt4_0": 0
  },
  "428_n2000_phi3_nn_C5": {
    "exists": true,
    "summary": {
      "Oracle": {
        "reps": 30,
        "mean": 5.641716190600034,
        "std": 0.18113145022714727,
        "min": 4.750598521319,
        "max": 5.732258105473,
        "mae": 0.2905630990055333,
        "worst_rep": 24
      },
      "Proximal": {
        "reps": 30,
        "mean": 5.338633742544467,
        "std": 0.45345505796710595,
        "min": 4.719516522923,
        "max": 5.744151441565,
        "mae": 0.5817850689098333,
        "worst_rep": 29
      },
      "SRA": {
        "reps": 30,
        "mean": 5.107121269745834,
        "std": 0.42180475057787536,
        "min": 4.736971426428,
        "max": 5.732258105473,
        "mae": 0.6019888809142666,
        "worst_rep": 22
      }
    },
    "prox_gt_sra_rate": 0.5,
    "prox_minus_sra_mean": 0.23151247279863335,
    "prox_loses_by_gt_0_5": 3,
    "prox_low_lt4_5": 0,
    "prox_low_lt4_0": 0
  },
  "428_n5000_phi3_nn_C5": {
    "exists": true,
    "summary": {
      "Oracle": {
        "reps": 30,
        "mean": 5.624793066267199,
        "std": 0.23397510188663953,
        "min": 4.757217055546,
        "max": 5.744151441565,
        "mae": 0.15275717200776665,
        "worst_rep": 11
      },
      "Proximal": {
        "reps": 30,